Sekcja,Cel_Sekcji,Kluczowe_Elementy,Wyzwania_Psychologiczne,Conversion_Tactics
Header/Navigation,Nawigacja i pierwsze wrażenie,"Logo, Menu, CTA ""Wypróbuj za darmo""",Halo Effect - profesjonalne pierwsze wrażenie,Sticky header z CTA
Hero Section,Natychmiastowy hook i główna propozycja wartości,Headline + Hero Image + Primary CTA + Social Proof,Attention + Hook - zatrzymanie uwagi w 3 sekundy,Multiple CTAs + Email capture
Problem Section,Identyfikacja z problemem użytkownika,"3 główne problemy uczniów, statystyki, emocjonalne story",Problem Agitation - wzmocnienie bólu użytkownika,Problem/Solution fit demonstration
Solution Section,Prezentacja rozwiązania Mentavo AI,"Demo produktu, kluczowe korzyści, video explainer",Solution Relief - ulga przez prezentację rozwiązania,Interactive demo/screenshots
Features Section,Szczegółowe korzyści i funkcje,6 głównych funkcji z ikonami i opisami,Feature Anchoring - zakotwiczenie wartości produktu,Feature-benefit mapping
Social Proof,Budowanie zaufania przez opinie,"Testimoniale, oceny, case studies, logos szkół",Social Proof - wykorzystanie tribal instinct,Customer success stories
How It Works,Proces korzystania z aplikacji,3-stepowy proces: Zarejestruj → Testuj → Ucz się,Process Clarity - redukcja niepewności,Progress indicators
Pricing Section,Transparentne opcje cenowe,"3 plany: Darmowy, Premium, Pro + porównanie",Price Anchoring + Choice Architecture,Pricing psychology + Free trial
FAQ Section,Odpowiedzi na wątpliwości,8-10 najczęstszych pytań w accordion,Objection Handling - usunięcie ostatnich wątpliwości,Immediate answers
Final CTA Section,Ostatnia szansa na konwersję,Urgency + Guarantee + Strong CTA,FOMO + Scarcity - strach przed utratą,Risk reversal + urgency
Footer,Informacje dodatkowe i prawne,"Linki, regulaminy, social media, kontakt",Trust Reinforcement - wzmocnienie zaufania,Minimal friction contact
