Metryka,Cel,Narzedzia_Pomiaru
Above-fold Engagement,>60% engagement w pierwszych 5 sek,"Hotjar, Google Analytics"
Scroll Depth,>70% użytkowników scrolluje poniżej fold,"ScrollMagic, GA Events"
CTA Click Rate,>5% click rate na główne CTA,"Button tracking, Heatmaps"
Form Start Rate,>15% rozpoczyna formularz,"Form analytics, Mixpanel"
Form Completion Rate,>80% kończy rozpoczęty formularz,Form funnel analysis
Video Engagement,>30% ogląda demo video >50%,"Video analytics, Wistia"
Time on Page,>90 sekund średnio na stronie,"Time-based events, GA"
Exit Rate per Section,<30% exit rate w kluczowych sekcjach,Section-specific exit tracking
