Element,Suggested_Copy_PL,Psychological_Trigger
Main Headline,"""Matematyka stała się łatwa dzięki AI""",Benefit + Authority (AI)
Sub-headline,"""Personalizowany tutor, który zawsze ma czas dla Ciebie""",Personal + Always Available
Hero CTA,"""Rozpocznij naukę za darmo""",Low Barrier Entry
Problem Headlines,"""Dlaczego matematyka sprawia trudności?""",Problem Identification
Solution Headline,"""Oto jak Mentavo AI zmienia naukę""",Solution Demonstration
Feature Headlines,"""Wszystko czego potrzebujesz do sukcesu""",Comprehensive Value
Testimonial Headers,"""Co mówią nasi uczniowie""",Social Validation
Pricing Headlines,"""Wybierz plan idealny dla siebie""",Personal Choice
FAQ Header,"""Masz pytania? Mamy odpowiedzi""",Anxiety Reduction
Final CTA,"""Przestań się męczyć z matematyką. Zacznij dziś!""",Pain Relief + Urgency
